<?xml version="1.0" encoding="UTF-8" ?>
<!DOCTYPE configuration PUBLIC "-//mybatis.org//DTD Config 3.0//EN"
        "http://mybatis.org/dtd/mybatis-3-config.dtd">

<configuration>
    <typeAliases>

        <!--<typeAlias type="com.lagou.model.User" alias="user"></typeAlias>-->
        <package name="com.lagou.model"/>
    </typeAliases>
    <property name="driver" value="com.mysql.jdbc.Driver"/>
    <property name="url" value="jdbc:mysql:///test"/>
    <property name="username" value="root"/>
    <property name="password" value="123456"/>
    <environments default="development">
        <environment id="development">
            <transactionManager type="JDBC"/>
            <dataSource type="POOLED">

            </dataSource>

        </environment>

    </environments>
    <mappers>
        <mapper resource="UserMapper.xml"/>

    </mappers>




</configuration>