<?xml version="1.0" encoding="UTF-8" ?> <!DOCTYPE mapper
        PUBLIC "-//mybatis.org//DTD Mapper 3.0//EN"
        "http://mybatis.org/dtd/mybatis-3-mapper.dtd">
<mapper namespace="com.lagou.dao.UserMapper">

    <select id = "findAll"   resultType="com.lagou.model.User">
        select * from user

    </select>

    <select id = "findById" parameterType = "com.lagou.model.User" resultType="com.lagou.model.User">
        select * from user where   userName = #{userName} and id = #{id}

    </select>

    <select id = "addUser" parameterType = "com.lagou.model.User" >
       insert into user(`id`,`userName`) values (#{id},#{userName})

    </select>

    <select id = "updateUser" parameterType = "com.lagou.model.User" >
        update user set userName = #{userName} where id = #{id}

    </select>

    <select id = "deleteUser" parameterType = "com.lagou.model.User" >
        delete from user where  id=#{id}

    </select>



</mapper>